<?xml version="1.0" encoding="UTF-8" ?>
<!DOCTYPE mapper
        PUBLIC "-//mybatis.org//DTD Mapper 3.0//EN"
        "http://mybatis.org/dtd/mybatis-3-mapper.dtd">
<mapper namespace="dc.human.whosthebest.admin.dao.AdminDAO">

    <!--회원목록 페이지-회원 리스트-->
    <resultMap id="userResult" type="userInfoVO">
        <result property="uID"      column="u_id" />
        <result property="uName"    column="u_name" />
        <result property="uGender"  column="u_gender" />
        <result property="uBday"    column="u_bday" />
        <result property="uAddr1"   column="u_addr1" />
        <result property="uAddr2"   column="u_addr2" />
        <result property="uEmail"   column="u_email" />
    </resultMap>

    <!--회원 상세보기-->
    <resultMap id="userInfo" type="userInfoVO">
        <result property="uName"        column="u_name" />
        <result property="uID"          column="u_id" />
        <result property="uBday"        column="u_bday" />
        <result property="uGender"      column="u_gender" />
        <result property="uAddr1"       column="u_addr1" />
        <result property="uAddr2"       column="u_addr2" />
        <result property="uEmail"       column="u_email" />
        <result property="uPhone"       column="u_phone"/>
        <result property="createdDate"  column="created_date" />
    </resultMap>

    <!--팀목록 페이지-팀 리스트-->
    <resultMap id="teamList" type="teamInfoVO">
        <result property="tID"        column="t_id" />
        <result property="tName"      column="t_name" />
        <result property="tRegion"    column="t_region" />
        <result property="tRankScore" column="rankscore" />
        <result property="tMember"    column="t_member" />
    </resultMap>
    
    <!-- 팀 상세보기 -->
    <resultMap id="teamInfo" type="teamInfoVO">
        <result property="tID"          column="t_id" />
        <result property="tName"        column="t_name" />
        <result property="tRegion"      column="t_region" />
        <result property="tRankScore"   column="rankscore" />
        <result property="tMinAge"      column="t_minage" />
        <result property="tMaxAge"      column="t_maxage" />
        <result property="tMaxMember"   column="t_maxmember"/>
        <result property="tMember"      column="t_member" />
        <result property="tInfo"        column="t_info" />
        <result property="createdDate"  column="created_date"/>
    </resultMap>
    

    <!--경기목록 페이지-경기 리스트-->
    <resultMap id="gameList" type="dc.human.whosthebest.vo.GameStadiumVO">
        <result property="gameId"       column="g_id" />
        <result property="gameTitle"    column="g_title" />
        <result property="gameResDate"  column="g_resdate" />
        <result property="stadiumName"  column="s_name" />
        <result property="gameStatus"   column="g_status" />
    </resultMap>

    <!-- 경기목록-경기 상세보기-->
    <resultMap id="gameInfo" type="adminGameListVO">
        <result property="gID"          column="g_id" />
        <result property="gTitle"       column="g_title" />
        <result property="gResDate"     column="g_resdate" />
        <result property="sName"        column="s_name" />
        <result property="gTeamID"      column="g_teamid" />
        <result property="tAwayID"      column="t_awayid" />
        <result property="homeGoal"     column="home_goal" />
        <result property="awayGoal"     column="away_goal" />
        <result property="uID"          column="u_id" />
        <result property="gStatus"      column="g_status" />

    </resultMap>

    <!--관리자메인페이지 - 최근 회원목록-->
    <resultMap id="newUserList" type="userInfoVO">
        <result property="uID"     column="u_id" />
        <result property="uName"   column="u_name" />
        <result property="uGender" column="u_gender" />
        <result property="uBday"   column="u_bday" />
        <result property="uEmail"  column="u_email" />
    </resultMap>

    <!--관리자메인페이지 - 최근 팀목록-->
    <resultMap id="newTeamList" type="teamInfoVO">
        <result property="tID"         column="t_id" />
        <result property="tName"       column="t_name" />
        <result property="tRegion"     column="t_region" />
        <result property="tRankScore"  column="rankscore" />
        <result property="tMember"     column="t_member" />
    </resultMap>


    <!--회원목록 페이지-->
    <select id="selectAllUserList" resultMap="userResult">
        <![CDATA[
            select U_ID,
                   u_name,
                   u_gender,
                   u_bday,
                   u_addr1,
                   u_email
            from users
        ]]>
    </select>

    <!--회원 상세보기-->
    <select id="selectUserDetailById" resultMap="userInfo">
    <![CDATA[
            select u_name,
                   u_id,
                   u_bday,
                   u_gender,
                   u_addr1,
                   u_addr2,
                   u_email,
                   u_phone,
                   created_date
            from users
            where u_id= #{uID}
        ]]>
    </select>

    <!--팀목록 페이지-->
    <select id="selectAllTeamList" resultMap="teamList">
        <![CDATA[
            select t_id,
                   t_name,
                   t_region,
                   rankscore,
                   t_member
            from team
        ]]>
    </select>

    <!-- 팀 상세보기 -->
    <select id="selectTeamDetailById" resultMap="teamInfo">
        <![CDATA[
            select t_name,
                   t_id,
                   t_region,
                   rankscore,
                   t_minage,
                   t_maxage,
                   t_maxmember,
                   t_member,
                   t_info,
                   created_date
            from team
            where t_id= #{tID}
        ]]>
    </select>

    <!--경기목록 페이지-->
    <select id="selectGameList" resultMap="gameList">
        <![CDATA[
            select game.g_id,
                   game.g_title,
                   game.g_resdate,
                   stadium.s_name,
                   game.g_status
            from game,stadium
            where game.s_id=stadium.s_id
            order by g_id
        ]]>
    </select>

<!--    &lt;!&ndash;경기 상세보기&ndash;&gt;
    <select id="selectGameDetailById" resultMap="adminGameListVO">
        <![CDATA[
            select
            from game g, team t, g_result r, stadium s
            where t_id= #{tID}
        ]]>


    </select>-->

    <!--관리자페이지 - 최근 회원목록 조회-->
    <select id="selectNewUserList" resultMap="newUserList">
        <![CDATA[
            select u_id,
                   u_name,
                   u_gender,
                   u_bday,
                   u_email
            from users
            where rownum <= 5 and created_date is not null
            order by created_date desc
        ]]>
    </select>


    <!--관리자페이지 - 최근 팀목록 조회-->
    <select id="selectNewTeamList" resultMap="newTeamList">
        <![CDATA[
            select t_id,
                   t_name,
                   t_region,
                   t_member,
                   created_date
            from team
            where ROWNUM <=5
            order by created_date desc

            ]]>
    </select>




</mapper>