<?xml version="1.0" encoding="UTF-8" ?>
<!DOCTYPE mapper
        PUBLIC "-//mybatis.org//DTD Mapper 3.0//EN"
        "http://mybatis.org/dtd/mybatis-3-mapper.dtd">

<mapper namespace="dc.human.whosthebest.user.dao.UserDAO">

    <resultMap id="usersResult" type="dc.human.whosthebest.vo.UserInfoVO">
        <result property="uID" column="U_ID" />
        <result property="uName" column="U_NAME" />
        <result property="uBday" column="U_BDAY" />
        <result property="uAddr1" column="U_ADDR1" />
        <result property="uAddr2" column="U_ADDR2" />
        <result property="uEmail" column="U_EMAIL" />
        <result property="uPhone" column="U_PHONE" />
        <result property="uPW" column="U_PW" />
        <result property="uPhoto" column="U_PHOTO" />
        <result property="createdID" column="CREATED_ID" />
        <result property="createdDate" column="CREATED_DATE" />
        <result property="updatedID" column="UPDATED_ID" />
        <result property="updatedDate" column="UPDATED_DATE" />
    </resultMap>

    <!--회원가입 데이터 DB 전달-->
    <insert id="insertJoin" parameterType="dc.human.whosthebest.vo.UserInfoVO">
        <![CDATA[
		 insert into users(
		    U_ID,
		    U_NAME,
		    U_BDAY,
		    U_GENDER,
		    U_ADDR1,
		    U_ADDR2,
		    U_EMAIL,
		    U_PHONE,
		    U_PW,
		    CREATED_ID,
		    CREATED_DATE
		 )
		 values(
		    #{uID},
		    #{uName},
		    #{uBday},
		    #{uGender},
		    #{uAddr1},
		    #{uAddr2},
		    #{uEmail},
		    #{uPhone},
		    #{uPW},
		    #{uID},
            #{createdDate}
		    )
		]]>
    </insert>
    <!-- 아이디 중복체크 -->
    <select id="checkID" parameterType="String" resultType="int">
        select count(U_ID) from users where U_ID=#{uID}
        <if test="uId != null and uId != ''"></if>
    </select>
    <!-- 로그인 -->
    <select id="loginUser" parameterType="String">
        select count(*) from users where U_ID = #{uID}
        <if test="uPW != null and uID != ''">
            and U_PW = #{uPW}
        </if>
    </select>
    <!-- 아이디 찾기 -->
    <select id="findID" parameterType="String">
        select U_ID from users where U_NAME = #{uName} and U_BDAY = #{uBday} and U_PHONE = #{uPhone}

    </select>
    <!-- 비밀번호 찾기 -->
    <select id="findPW" parameterType="String">
        select U_PW from users where U_NAME = #{uName} and U_BDAY = #{uBday} and U_PHONE = #{uPhone} and U_ID = #{uID}
    </select>



</mapper>